{ "results": [
	{
        "blog": {
            "__type": "Pointer",
            "className": "Blog",
            "objectId": "qY7enbSghL"
        },
        "createdAt": "2015-09-21T11:17:52.994Z",
        "objectId": "IPDZv2mDRQ",
        "postBody": "People assume that time is a strict progression of cause to effect, but *actually* from a non-linear, non-subjective viewpoint - it's more like a big ball of wibbly wobbly... timey wimey... stuff.",
        "postTitle": "About time",
        "updatedAt": "2015-09-21T11:32:26.335Z"
    },
	{
        "blog": {
            "__type": "Pointer",
            "className": "Blog",
            "objectId": "qY7enbSghL"
        },
        "createdAt": "2015-09-21T10:23:28.625Z",
        "objectId": "ULK0BknGdN",
        "postBody": "I can feel it; the turn of the Earth. The ground beneath our feet is spinnin' at 1,000 miles an hour and the entire planet is hurtling around the sun at 67,000 miles an hour, and I can feel it. We're fallin' through space, you and me, clinging to the skin of this tiny little world, and if we let go... That's who I am.",
        "postTitle": "Who I am",
        "updatedAt": "2015-09-21T11:17:07.626Z"
    },
	{
        "blog": {
            "__type": "Pointer",
            "className": "Blog",
            "objectId": "eHpXxvHgc0"
        },
        "createdAt": "2015-09-22T08:10:43.443Z",
        "objectId": "bKSfmM2fOl",
        "postBody": "My name is Barry Allen. And I am the fastest man alive. When I was a child I saw my mother killed by something impossible. My father went to prison for her murder. Then an accident made me the impossible. To the outside world I am an ordinary forensic scientist, but secretly I use my speed to fight crime and find others like me. And one day, I'll find who killed my mother and get justice for my father. I am the Flash.",
        "postTitle": "Hello",
        "updatedAt": "2015-09-22T08:12:10.035Z"
    }
] }