{ "results": [
	{
        "blogPoster": {
            "__type": "Pointer",
            "className": "BlogPoster",
            "objectId": "eHpXxvHgc0"
        },
        "blogTitle": "The Flash",
        "createdAt": "2015-09-22T08:54:56.457Z",
        "objectId": "VVQJLmD1P7",
        "updatedAt": "2015-09-22T08:55:27.315Z"
    },
	{
        "blogPoster": {
            "__type": "Pointer",
            "className": "BlogPoster",
            "objectId": "iqJirW7bPI"
        },
        "blogTitle": "Doctor Who",
        "createdAt": "2015-09-21T10:20:25.623Z",
        "objectId": "qY7enbSghL",
        "updatedAt": "2015-09-22T08:55:47.267Z"
    }
] }