{ "results": [
	{
        "blogPost": {
            "__type": "Pointer",
            "className": "BlogPost",
            "objectId": "ULK0BknGdN"
        },
        "commentText": "Doctor? That's a profession, not a name.",
        "commenter": {
            "__type": "Pointer",
            "className": "Commenter",
            "objectId": "culLN8vtjl"
        },
        "createdAt": "2015-09-21T11:41:16.914Z",
        "objectId": "TdZeOYyr3w",
        "updatedAt": "2015-09-21T11:43:25.917Z"
    }
] }