{ "results": [
	{
        "appIdentifier": "be.redwood.the_redwood_project",
        "appName": "The_Redwood_Project",
        "appVersion": "1.0",
        "createdAt": "2015-09-21T10:21:36.819Z",
        "deviceType": "android",
        "installationId": "7b2eef69-b14b-4a76-92a1-f7fd38745d2f",
        "localeIdentifier": "en-US",
        "objectId": "84uaYiRF6p",
        "parseVersion": "1.10.2",
        "timeZone": "America/New_York",
        "updatedAt": "2015-09-21T10:21:36.819Z"
    },
	{
        "appIdentifier": "be.redwood.the_redwood_project",
        "appName": "The_Redwood_Project",
        "appVersion": "1.0",
        "createdAt": "2015-09-22T09:35:34.836Z",
        "deviceToken": "APA91bEGwLS_7I2hy_P9hysI-Cq7jvBZKK3or9Ja0od41ohPwzBdYHFi-s5-J1BjbxMd1V_QyeutZnwqwfvVgmWhgcMrsEXJs_FIrAzPxuQK-NzxcBSs_bxlofTpJLV07TqX7OEp95VL",
        "deviceType": "android",
        "installationId": "3a55f601-8559-4c48-91e2-8d8e80855112",
        "localeIdentifier": "nl-BE",
        "objectId": "jKVfJhEFQC",
        "parseVersion": "1.10.2",
        "pushType": "gcm",
        "timeZone": "Europe/Brussels",
        "updatedAt": "2015-09-22T09:51:39.557Z"
    }
] }