{ "results": [
	{
        "blogTitle": "The Red Streak",
        "createdAt": "2015-09-22T09:40:19.107Z",
        "objectId": "3l1IdXBDbp",
        "updatedAt": "2015-09-23T07:44:51.956Z",
        "user": {
            "__type": "Pointer",
            "className": "_User",
            "objectId": "Q2BeK7kMG1"
        }
    },
	{
        "blogTitle": "The Redwood Project",
        "createdAt": "2015-09-22T13:17:19.119Z",
        "objectId": "Uk6abnyXhx",
        "updatedAt": "2015-09-23T07:44:34.396Z",
        "user": {
            "__type": "Pointer",
            "className": "_User",
            "objectId": "ChUt3KZtIG"
        }
    },
	{
        "blogTitle": "The Flash",
        "createdAt": "2015-09-22T08:54:56.457Z",
        "objectId": "VVQJLmD1P7",
        "updatedAt": "2015-09-23T07:45:09.052Z",
        "user": {
            "__type": "Pointer",
            "className": "_User",
            "objectId": "5qnQgjFJzb"
        }
    },
	{
        "blogTitle": "Doctor Who",
        "createdAt": "2015-09-21T10:20:25.623Z",
        "objectId": "qY7enbSghL",
        "updatedAt": "2015-09-23T07:45:19.892Z",
        "user": {
            "__type": "Pointer",
            "className": "_User",
            "objectId": "DJ58P1vAtU"
        }
    }
] }