{ "results": [
	{
        "bcryptPassword": "$2a$10$LD5oHtV9qsg7hccZ2D3E0ePPEhO6lTEteIZ8KYVen9tg6f4GWL7Ae",
        "createdAt": "2015-09-22T08:06:16.795Z",
        "email": "coswald@earth.net",
        "hasBlog": false,
        "objectId": "5gttIU6dRm",
        "profilePic": "http://i.imgur.com/j3axQqY.jpg",
        "sessionToken": "Vzvi6jXlHKd7Bc3kg59Ca2d5A",
        "updatedAt": "2015-09-23T09:08:01.248Z",
        "username": "Clara Oswald"
    },
	{
        "bcryptPassword": "$2a$10$Hnff3Eo5j1q61PiAsrLeeOFXJmlBzcOEm8NkyEbBTO3ZVm50RRoAO",
        "createdAt": "2015-09-22T08:09:00.626Z",
        "email": "theflash@ccity.com",
        "hasBlog": true,
        "objectId": "5qnQgjFJzb",
        "profilePic": "http://i.imgur.com/hPcTkIK.jpg",
        "sessionToken": "XuM2ERvlTkybtYx0bkGVZzqnP",
        "updatedAt": "2015-09-23T09:08:10.174Z",
        "username": "The Flash"
    },
	{
        "bcryptPassword": "$2a$10$2n1hx0JrSnXWdIDy9GOo4u9EndFDp3t2ioZr8mn9RB/ForbkkUfTu",
        "createdAt": "2015-09-22T08:15:33.502Z",
        "email": "reverseflash@future.com",
        "hasBlog": false,
        "objectId": "6TfM3ug7j0",
        "profilePic": "http://i.imgur.com/LTnvwf4.jpg",
        "sessionToken": "c6b1VWJGi1tsOGAWuH0v9Tg7k",
        "updatedAt": "2015-09-23T09:05:23.418Z",
        "username": "Reverse Flash"
    },
	{
        "bcryptPassword": "$2a$10$MJEgpq5VfgnE92HzZ4itwOzecJvrgTb9uGTZjejCC0Lc9EaFDBoeu",
        "createdAt": "2015-09-22T09:14:41.760Z",
        "email": "Hubert_99_bullen@hotmail.com",
        "hasBlog": false,
        "objectId": "8kMrNnclu5",
        "sessionToken": "eL4lqzcuN9WUcJuPpONSlNwjq",
        "updatedAt": "2015-09-22T13:15:24.232Z",
        "username": "Hubert"
    },
	{
        "bcryptPassword": "$2a$10$jZUNYKrFvbQ0RXtbXECLEujGXUdiWcpemK77ksPXVz4I.MBv4U6/u",
        "createdAt": "2015-09-22T08:50:21.321Z",
        "email": "jonas.meuleman@gmail.com",
        "hasBlog": true,
        "objectId": "ChUt3KZtIG",
        "profilePic": "http://i.imgur.com/JvCT68T.jpg",
        "sessionToken": "WbkjAFluQyPTBVpRRvi9xkDBk",
        "updatedAt": "2015-09-23T09:05:02.277Z",
        "username": "Jonas"
    },
	{
        "bcryptPassword": "$2a$10$MU9G0xHDLtrg547Cd1XmLePBsot/sFLS3gZdzJDXiltKEs4PzPm5.",
        "createdAt": "2015-09-21T10:05:51.030Z",
        "email": "drwho@tardis.gal",
        "hasBlog": true,
        "objectId": "DJ58P1vAtU",
        "profilePic": "http://i.imgur.com/wxVn95d.jpg",
        "sessionToken": "FoXKuE0Kmev39uqxmPzLApOSj",
        "updatedAt": "2015-09-23T09:07:16.374Z",
        "username": "The Doctor"
    },
	{
        "bcryptPassword": "$2a$10$oYu3i7BXbwl812pQPJLIIO3gLoNZ.Pu4SL0Bj6wkmw5/9YiXpIp12",
        "createdAt": "2015-09-22T08:51:42.046Z",
        "email": "cramon@starlabs.com",
        "hasBlog": false,
        "objectId": "DW1laS7PEW",
        "profilePic": "http://i.imgur.com/RIiEUBu.jpg",
        "sessionToken": "JXfFVG3AyZ9IjUXr9PtxsZO9c",
        "updatedAt": "2015-09-23T09:08:33.847Z",
        "username": "Cisco Ramon"
    },
	{
        "bcryptPassword": "$2a$10$dNH91Pb94hck67pcyiojy.jYnQY.lIkfndg8YX624IkfaL8Ab0iyu",
        "createdAt": "2015-09-22T09:13:18.393Z",
        "email": "noor.anthonis@gmail.com",
        "hasBlog": false,
        "objectId": "HSYlRM5x0l",
        "sessionToken": "prXFUGWfOauHLspbUHIkwQnRH",
        "updatedAt": "2015-09-22T13:15:27.611Z",
        "username": "Noor"
    },
	{
        "bcryptPassword": "$2a$10$IqE0laPl7B2..Q7RrSmuPu4YX3R6YIt97IHgMcQdapPyi0/zBleBy",
        "createdAt": "2015-09-21T11:37:19.122Z",
        "email": "anonymous@no.pe",
        "hasBlog": false,
        "objectId": "KGFrDsWQbg",
        "profilePic": "http://i.imgur.com/OiGlZaV.jpg",
        "sessionToken": "rvSv9Md1ZnPHluV6ASPXwpp2R",
        "updatedAt": "2015-09-23T09:07:25.672Z",
        "username": "anonymous"
    },
	{
        "bcryptPassword": "$2a$10$pV85qBrXMVJyNbF78xwIKu6zXH06jync60cbE3wy2F5/AZSOkHLuq",
        "createdAt": "2015-09-22T12:25:53.317Z",
        "email": "Bullen_99_hubert@hotmail.com",
        "hasBlog": false,
        "objectId": "NdozN9bXgd",
        "sessionToken": "5gKxmdm2QW5viR4FM9Av9rp0o",
        "updatedAt": "2015-09-22T13:15:21.049Z",
        "username": "Hyu"
    },
	{
        "bcryptPassword": "$2a$10$EUs8Bltk9BjCeKAgcD.ks.UEKBqYEpLNGuWW1NF4rsv3FDZiMiMZG",
        "createdAt": "2015-09-22T08:12:51.004Z",
        "email": "iwest@ccpn.com",
        "hasBlog": true,
        "objectId": "Q2BeK7kMG1",
        "profilePic": "http://i.imgur.com/QWTmlTX.jpg",
        "sessionToken": "JNawJ2lMK7krQQ9y41bScJmKJ",
        "updatedAt": "2015-09-23T09:07:05.662Z",
        "username": "Iris West"
    },
	{
        "bcryptPassword": "$2a$10$s72GohMA5Jb9xYe8RQXMrentJi5snHkOv28bNcEiRbKC47PYVh326",
        "createdAt": "2015-09-22T08:52:32.975Z",
        "email": "csnow@starlabs.com",
        "hasBlog": false,
        "objectId": "SwGLcOVTbq",
        "profilePic": "http://i.imgur.com/PSgeOKN.png",
        "sessionToken": "Cx8XrnLgtwQ7HbAGeGXigcBQe",
        "updatedAt": "2015-09-23T09:08:46.122Z",
        "username": "Caitlin Snow"
    },
	{
        "bcryptPassword": "$2a$10$4TEzim0gb.jrxfm75rq9DOd6TjhwMzBs3PEAzpCc09wj/Q5IlZxfG",
        "createdAt": "2015-09-22T08:14:55.239Z",
        "email": "hwells@starlabs.com",
        "hasBlog": false,
        "objectId": "VdZeEelALs",
        "profilePic": "http://i.imgur.com/Kr2PRhX.jpg",
        "sessionToken": "LJzZoVToaibQI6UUNuYYDtvY0",
        "updatedAt": "2015-09-23T09:08:20.973Z",
        "username": "Dr. Harrison Wells"
    },
	{
        "bcryptPassword": "$2a$10$m7ZK20yUQ5aNGzGyCztZEuSOBWLnhXLmzUu94g9G17I0a2VHa2jDC",
        "createdAt": "2015-09-22T08:53:29.474Z",
        "email": "jwest@ccpd.com",
        "hasBlog": false,
        "objectId": "Y92AXOle5h",
        "profilePic": "http://i.imgur.com/M6yfcKs.gif",
        "sessionToken": "VZRF1bai91FEupUnPMQGUQu0F",
        "updatedAt": "2015-09-23T09:05:44.112Z",
        "username": "Joe West"
    },
	{
        "bcryptPassword": "$2a$10$s16XfzxrRvrWSmFWbvklyOo8MrpOMYwKrVZfiLr9gAaY.GBLdxBcW",
        "createdAt": "2015-09-22T08:04:29.459Z",
        "email": "themaster@mis.sy",
        "hasBlog": false,
        "objectId": "fX2epvPUmB",
        "profilePic": "http://i.imgur.com/vUhJog2.jpg",
        "sessionToken": "zANHffUmJhyue8Uarhtdf51Pq",
        "updatedAt": "2015-09-23T09:07:49.602Z",
        "username": "The Master"
    },
	{
        "bcryptPassword": "$2a$10$GFnFN5M05XFJAAC5LUFsWus6U3dZ3TW8iKbUEFUqURqGEymzzvL5y",
        "createdAt": "2015-09-22T08:00:21.259Z",
        "email": "rsong@CAL.lib",
        "hasBlog": false,
        "objectId": "lj3ZjVMilO",
        "profilePic": "http://i.imgur.com/dt7Gtbt.jpg",
        "sessionToken": "ZjZy8uBsKTLOWApF0IqZD20oM",
        "updatedAt": "2015-09-23T09:07:40.214Z",
        "username": "River Song"
    }
] }