{ "results": [
	{
        "blog": {
            "__type": "Pointer",
            "className": "Blog",
            "objectId": "3l1IdXBDbp"
        },
        "createdAt": "2015-09-22T09:45:03.804Z",
        "objectId": "5wB5FgbXrN",
        "postBody": "To understand what I'm about to tell you, you need to do something first, you need to believe in the impossible. Can you do that? Good. Because all of us, we've forgotten what miracles look like. Maybe because they haven't made much of an appearance lately. Our lives have become ordinary. But there is someone out there who is truly extraordinary. I don't know where you came from. I don't know your name. But I have seen you do the impossible to protect the city I love. So for those of is who believe in you and what you're doing, I just want to say thank you. ",
        "postTitle": "To our hero",
        "updatedAt": "2015-09-24T09:04:27.236Z",
        "user": {
            "__type": "Pointer",
            "className": "_User",
            "objectId": "Q2BeK7kMG1"
        }
    },
	{
        "blog": {
            "__type": "Pointer",
            "className": "Blog",
            "objectId": "3l1IdXBDbp"
        },
        "createdAt": "2015-09-22T09:48:58.467Z",
        "objectId": "6OP33NleQn",
        "postBody": "Think about your best friend. It could be your wife, your father, maybe someone you grew up with. It's the person you can't wait to talk to at the end of the day. The person that knows everything about you, who roots for you. Know imagine your best friend had a secret. No, not a secret. A universe of secrets. Would you confront him? Would you stay silent? Either way, you know nothing will ever be the same again. ",
        "postTitle": "Secrets",
        "updatedAt": "2015-09-24T09:04:08.021Z",
        "user": {
            "__type": "Pointer",
            "className": "_User",
            "objectId": "Q2BeK7kMG1"
        }
    },
	{
        "blog": {
            "__type": "Pointer",
            "className": "Blog",
            "objectId": "qY7enbSghL"
        },
        "createdAt": "2015-09-21T11:17:52.994Z",
        "objectId": "IPDZv2mDRQ",
        "postBody": "People assume that time is a strict progression of cause to effect, but *actually* from a non-linear, non-subjective viewpoint - it's more like a big ball of wibbly wobbly... timey wimey... stuff.",
        "postTitle": "About time",
        "updatedAt": "2015-09-24T09:04:20.317Z",
        "user": {
            "__type": "Pointer",
            "className": "_User",
            "objectId": "DJ58P1vAtU"
        }
    },
	{
        "blog": {
            "__type": "Pointer",
            "className": "Blog",
            "objectId": "qY7enbSghL"
        },
        "createdAt": "2015-09-21T10:23:28.625Z",
        "objectId": "ULK0BknGdN",
        "postBody": "I can feel it; the turn of the Earth. The ground beneath our feet is spinnin' at 1,000 miles an hour and the entire planet is hurtling around the sun at 67,000 miles an hour, and I can feel it. We're fallin' through space, you and me, clinging to the skin of this tiny little world, and if we let go... That's who I am.",
        "postTitle": "Who I am",
        "updatedAt": "2015-09-24T09:04:19.018Z",
        "user": {
            "__type": "Pointer",
            "className": "_User",
            "objectId": "DJ58P1vAtU"
        }
    },
	{
        "blog": {
            "__type": "Pointer",
            "className": "Blog",
            "objectId": "VVQJLmD1P7"
        },
        "createdAt": "2015-09-22T08:10:43.443Z",
        "objectId": "bKSfmM2fOl",
        "postBody": "My name is Barry Allen. And I am the fastest man alive. When I was a child I saw my mother killed by something impossible. My father went to prison for her murder. Then an accident made me the impossible. To the outside world I am an ordinary forensic scientist, but secretly I use my speed to fight crime and find others like me. And one day, I'll find who killed my mother and get justice for my father. I am the Flash.",
        "postTitle": "Hello",
        "updatedAt": "2015-09-24T09:04:35.472Z",
        "user": {
            "__type": "Pointer",
            "className": "_User",
            "objectId": "5qnQgjFJzb"
        }
    },
	{
        "blog": {
            "__type": "Pointer",
            "className": "Blog",
            "objectId": "Uk6abnyXhx"
        },
        "createdAt": "2015-09-24T08:21:34.855Z",
        "objectId": "vx9LDIcmnG",
        "postBody": "Eindproject (10 dagen)\n\nIn een team van 4 personen zal de deelnemer volgens de SCRUM methodologie een mobiele applicatie ontwikkelen.\n\nOpgave\n\nDe firma Blog\u0026Co zoekt een team van developers voor het opstellen van een Blog applicatie, die op mobiele toestellen (Android \u0026 iOS) native zal draaien. Blog\u0026Co verwacht dat deze applicatie gebruikt zal worden door een groot aantal mensen die graag bijhouden wat hun dagelijks is overkomen. Dat kan gaan van persoonlijke dagboeken over verwijzingen naar interessante artikels, over hobbies of zelfs professionele onderwerpen. Op deze blogs kunnen lezers commentaren geven.\n\nDe Blog applicatie moet het volgende kunnen:\n\n* Registratie van gebruikers (Blogger)\n\n* Registratie als Commenter\n\n* Inloggen met username, password\n\n* Aanmaken van nieuwe Blogs\n\n* Aanmaken van nieuwe Posts op een Blog\n\no Titel\n\no Content\n\no Tags\n\no Extra: Afbeelding (Foto of upload)\n\n* Commentaar toevoegen aan een Blog\n\n* Zoeken naar Posts op basis van Tags\n\n* Offline cashing van data\n\n* Extra: Post toevoegen als favoriet, je favoriete posts worden opgeslagen in je gebruikersprofiel\n\n* Extra: informatie bijhouden van de gebruiker ( profile picture, phone, …)\n\n* Extra: userprofiles van commenters/bloggers bekijken\n\n* Extra: bijhouden van user analytics (Google Analytics of Parse)\n\nVoor de veiligheidsaspecten:\n\n* Commenters mogen commentaar posten op ieders Blog\n\n* Bloggers kunnen enkel nieuwe Posts maken op hun eigen Blogs\n\nVoor de UI/UX volgen we de standaard guidelines van elk platform\n\n* iOS: Flat\n\n* Android: material\n\nVoorbeeld screenshots van deze toepassing worden hieronder meegegeven, maar het eind-resultaat moet hiervan afwijken naargelang de guidelines van elk platform.\n\nVan het team wordt verwacht dat ze een kleine analyse uitvoeren, het domein model uitwerken, het databasemodel uittekenen en zoveel mogelijk herbruikbare code schrijven, voor beide mobiele applicaties. De developers zullen zelf een keuze van technologie maken om dit project te realiseren (binnen de context van de opleiding).\n\nAangezien de focus van deze opdracht ligt op het creëren van front-end, native mobiele applicaties, zijn de teams vrij hun technologie te kiezen voor de backend. Een voorstel hieromtrend is de services van parse.com te gebruiken. Niet alleen kan er gebruik makend van deze APIs snel en makkelijk een backend opgezet worden, Parse biedt ook een gratis dienst voor push notificaties en analytics aan.\n\nWat het contributen aan een gemeenschappelijke codebase betreft, worden de leerlingen verwacht git te gebruiken. Dit kan via Github, Bitbucket of aanbieder naar keuze. ",
        "postTitle": "About",
        "updatedAt": "2015-09-24T09:03:58.937Z",
        "user": {
            "__type": "Pointer",
            "className": "_User",
            "objectId": "ChUt3KZtIG"
        }
    }
] }