{ "results": [
	{
        "blogTitle": "The Red Streak",
        "createdAt": "2015-09-22T09:40:19.107Z",
        "image": "http://i.imgur.com/vOUmTZp.jpg",
        "objectId": "3l1IdXBDbp",
        "updatedAt": "2015-09-23T08:16:12.946Z",
        "user": {
            "__type": "Pointer",
            "className": "_User",
            "objectId": "Q2BeK7kMG1"
        }
    },
	{
        "blogTitle": "The Redwood Project",
        "createdAt": "2015-09-22T13:17:19.119Z",
        "image": "http://imgur.com/7MPfTyK.jpg",
        "objectId": "Uk6abnyXhx",
        "updatedAt": "2015-09-23T08:15:54.634Z",
        "user": {
            "__type": "Pointer",
            "className": "_User",
            "objectId": "ChUt3KZtIG"
        }
    },
	{
        "blogTitle": "The Flash",
        "createdAt": "2015-09-22T08:54:56.457Z",
        "image": "http://imgur.com/6aFCG6G.jpg",
        "objectId": "VVQJLmD1P7",
        "updatedAt": "2015-09-23T08:16:25.335Z",
        "user": {
            "__type": "Pointer",
            "className": "_User",
            "objectId": "5qnQgjFJzb"
        }
    },
	{
        "blogTitle": "Doctor Who",
        "createdAt": "2015-09-21T10:20:25.623Z",
        "image": "http://i.imgur.com/QBvgPrz.jpg",
        "objectId": "qY7enbSghL",
        "updatedAt": "2015-09-23T08:15:24.416Z",
        "user": {
            "__type": "Pointer",
            "className": "_User",
            "objectId": "DJ58P1vAtU"
        }
    }
] }