{ "results": [
	{
        "blogPost": {
            "__type": "Pointer",
            "className": "BlogPost",
            "objectId": "bKSfmM2fOl"
        },
        "commentText": "He'll become faster than you Reverse Flash!",
        "createdAt": "2015-09-22T12:19:07.727Z",
        "objectId": "70ioJCHORZ",
        "updatedAt": "2015-09-22T12:20:00.428Z",
        "user": {
            "__type": "Pointer",
            "className": "_User",
            "objectId": "SwGLcOVTbq"
        }
    },
	{
        "blogPost": {
            "__type": "Pointer",
            "className": "BlogPost",
            "objectId": "bKSfmM2fOl"
        },
        "commentText": "Can we arrange an interview?",
        "createdAt": "2015-09-22T10:05:26.321Z",
        "objectId": "IePjrDDpIb",
        "updatedAt": "2015-09-22T11:54:48.212Z",
        "user": {
            "__type": "Pointer",
            "className": "_User",
            "objectId": "Q2BeK7kMG1"
        }
    },
	{
        "blogPost": {
            "__type": "Pointer",
            "className": "BlogPost",
            "objectId": "bKSfmM2fOl"
        },
        "commentText": "You're no match for me!",
        "createdAt": "2015-09-22T12:16:05.480Z",
        "objectId": "RIDLZ1SFIF",
        "updatedAt": "2015-09-22T12:17:02.449Z",
        "user": {
            "__type": "Pointer",
            "className": "_User",
            "objectId": "6TfM3ug7j0"
        }
    },
	{
        "blogPost": {
            "__type": "Pointer",
            "className": "BlogPost",
            "objectId": "ULK0BknGdN"
        },
        "commentText": "Doctor? That's a profession, not a name.",
        "createdAt": "2015-09-21T11:41:16.914Z",
        "objectId": "TdZeOYyr3w",
        "updatedAt": "2015-09-22T11:55:08.737Z",
        "user": {
            "__type": "Pointer",
            "className": "_User",
            "objectId": "lj3ZjVMilO"
        }
    },
	{
        "blogPost": {
            "__type": "Pointer",
            "className": "BlogPost",
            "objectId": "ULK0BknGdN"
        },
        "commentText": "One day you meet the Doctor. And of course, it’s the best day ever. It’s just the best day of your life. Because...because, he’s brilliant, and he’s funny, and mad, and best of all...really needs you. The trick is – don’t fall in love. I do that trick quite a lot, sometimes twice a day. And once you start running, you start to forget; slowly, after a while, you just stopping asking. Who are you? Where are you from? What set you on your way and where are you going? Oh...and what is your name? You get used to not knowing. I thought I never would. I was wrong. I know who he is. I know how he began and I know where he’s going. I learnt the truth about the Doctor and his greatest secret the day we went to Trenzalore.",
        "createdAt": "2015-09-22T11:29:36.608Z",
        "objectId": "VdskH1KkOx",
        "updatedAt": "2015-09-22T11:55:27.192Z",
        "user": {
            "__type": "Pointer",
            "className": "_User",
            "objectId": "5gttIU6dRm"
        }
    },
	{
        "blogPost": {
            "__type": "Pointer",
            "className": "BlogPost",
            "objectId": "bKSfmM2fOl"
        },
        "commentText": "I'm a huge fan!",
        "createdAt": "2015-09-22T09:15:48.413Z",
        "objectId": "j7WVaWGEoN",
        "updatedAt": "2015-09-22T11:53:51.482Z",
        "user": {
            "__type": "Pointer",
            "className": "_User",
            "objectId": "KGFrDsWQbg"
        }
    },
	{
        "blogPost": {
            "__type": "Pointer",
            "className": "BlogPost",
            "objectId": "bKSfmM2fOl"
        },
        "commentText": "Listen to me, of everything I've done in my life, of everything I have invented, my most important creation is the Flash. Barry Allen must have a future. Eventually he will surpass you Reverse Flash.",
        "createdAt": "2015-09-22T12:23:00.550Z",
        "objectId": "pJbXuovmgF",
        "updatedAt": "2015-09-22T12:23:24.245Z",
        "user": {
            "__type": "Pointer",
            "className": "_User",
            "objectId": "VdZeEelALs"
        }
    },
	{
        "blogPost": {
            "__type": "Pointer",
            "className": "BlogPost",
            "objectId": "5wB5FgbXrN"
        },
        "commentText": "Stop this Iris. You'll get into trouble.",
        "createdAt": "2015-09-22T12:18:04.445Z",
        "objectId": "rXJ1jRnJk8",
        "updatedAt": "2015-09-22T12:18:44.196Z",
        "user": {
            "__type": "Pointer",
            "className": "_User",
            "objectId": "Y92AXOle5h"
        }
    },
	{
        "blogPost": {
            "__type": "Pointer",
            "className": "BlogPost",
            "objectId": "ULK0BknGdN"
        },
        "commentText": "You see, Doctor, you're my intellectual equal. Almost. I have too few worthy opponents. When they've gone I always miss them.",
        "createdAt": "2015-09-22T12:23:49.402Z",
        "objectId": "wGre9u4KTY",
        "updatedAt": "2015-09-22T12:28:58.055Z",
        "user": {
            "__type": "Pointer",
            "className": "_User",
            "objectId": "fX2epvPUmB"
        }
    }
] }