{ "results": [
	{
        "createdAt": "2015-09-22T08:10:11.231Z",
        "objectId": "eHpXxvHgc0",
        "updatedAt": "2015-09-22T08:10:11.231Z",
        "user": {
            "__type": "Pointer",
            "className": "_User",
            "objectId": "5qnQgjFJzb"
        }
    },
	{
        "createdAt": "2015-09-21T10:16:25.655Z",
        "objectId": "iqJirW7bPI",
        "updatedAt": "2015-09-21T10:19:23.890Z",
        "user": {
            "__type": "Pointer",
            "className": "_User",
            "objectId": "DJ58P1vAtU"
        }
    },
	{
        "createdAt": "2015-09-22T09:39:59.172Z",
        "objectId": "shYznVR5go",
        "updatedAt": "2015-09-22T09:39:59.172Z",
        "user": {
            "__type": "Pointer",
            "className": "_User",
            "objectId": "Q2BeK7kMG1"
        }
    }
] }