{ "results": [
	{
        "createdAt": "2015-09-21T11:40:41.104Z",
        "objectId": "culLN8vtjl",
        "updatedAt": "2015-09-21T11:40:41.104Z",
        "user": {
            "__type": "Pointer",
            "className": "_User",
            "objectId": "KGFrDsWQbg"
        }
    },
	{
        "createdAt": "2015-09-22T11:30:09.797Z",
        "objectId": "zyGqaJt3nS",
        "updatedAt": "2015-09-22T11:30:09.797Z",
        "user": {
            "__type": "Pointer",
            "className": "_User",
            "objectId": "5gttIU6dRm"
        }
    }
] }