{ "results": [
	{
        "blogPost": {
            "__type": "Pointer",
            "className": "BlogPost",
            "objectId": "bKSfmM2fOl"
        },
        "blogPoster": {
            "__type": "Pointer",
            "className": "BlogPoster",
            "objectId": "shYznVR5go"
        },
        "commentText": "Can we arrange an interview?",
        "createdAt": "2015-09-22T10:05:26.321Z",
        "objectId": "IePjrDDpIb",
        "updatedAt": "2015-09-22T10:06:35.218Z"
    },
	{
        "blogPost": {
            "__type": "Pointer",
            "className": "BlogPost",
            "objectId": "ULK0BknGdN"
        },
        "commentText": "Doctor? That's a profession, not a name.",
        "commenter": {
            "__type": "Pointer",
            "className": "Commenter",
            "objectId": "culLN8vtjl"
        },
        "createdAt": "2015-09-21T11:41:16.914Z",
        "objectId": "TdZeOYyr3w",
        "updatedAt": "2015-09-21T11:43:25.917Z"
    },
	{
        "blogPost": {
            "__type": "Pointer",
            "className": "BlogPost",
            "objectId": "ULK0BknGdN"
        },
        "commentText": "One day you meet the Doctor. And of course, it’s the best day ever. It’s just the best day of your life. Because...because, he’s brilliant, and he’s funny, and mad, and best of all...really needs you. The trick is – don’t fall in love. I do that trick quite a lot, sometimes twice a day. And once you start running, you start to forget; slowly, after a while, you just stopping asking. Who are you? Where are you from? What set you on your way and where are you going? Oh...and what is your name? You get used to not knowing. I thought I never would. I was wrong. I know who he is. I know how he began and I know where he’s going. I learnt the truth about the Doctor and his greatest secret the day we went to Trenzalore.",
        "commenter": {
            "__type": "Pointer",
            "className": "Commenter",
            "objectId": "zyGqaJt3nS"
        },
        "createdAt": "2015-09-22T11:29:36.608Z",
        "objectId": "VdskH1KkOx",
        "updatedAt": "2015-09-22T11:30:55.779Z"
    },
	{
        "blogPost": {
            "__type": "Pointer",
            "className": "BlogPost",
            "objectId": "bKSfmM2fOl"
        },
        "commentText": "I'm a huge fan!",
        "commenter": {
            "__type": "Pointer",
            "className": "Commenter",
            "objectId": "culLN8vtjl"
        },
        "createdAt": "2015-09-22T09:15:48.413Z",
        "objectId": "j7WVaWGEoN",
        "updatedAt": "2015-09-22T09:16:25.344Z"
    }
] }